{"cameraMode":{"drawMode":0,"name":"Shaded","section":"Shading Mode"},"sceneLighting":false,"audioPlay":false,"sceneViewState":{"showFog":true,"showMaterialUpdate":false,"showSkybox":false,"showFlares":true,"showImageEffects":true,"showParticleSystems":true},"in2DMode":false,"pivot":{"x":-1.0184954404830933,"y":-0.5852912664413452,"z":1.7081364393234254},"rotation":{"x":0.19816084206104279,"y":-0.26646509766578677,"z":0.05581148713827133,"w":0.9418150782585144},"size":1.2326949834823609,"orthographic":false}