{"cameraMode":{"drawMode":0,"name":"Shaded","section":"Shading Mode"},"sceneLighting":false,"audioPlay":false,"sceneViewState":{"showFog":true,"showMaterialUpdate":false,"showSkybox":false,"showFlares":true,"showImageEffects":true,"showParticleSystems":true},"in2DMode":false,"pivot":{"x":-1.0837581157684327,"y":1.6067761182785035,"z":-1.0404131412506104},"rotation":{"x":0.24676702916622163,"y":0.36803674697875979,"z":-0.10217869281768799,"w":0.8908545970916748},"size":0.19634193181991578,"orthographic":false}