{"cameraMode":{"drawMode":0,"name":"Shaded","section":"Shading Mode"},"sceneLighting":false,"audioPlay":false,"sceneViewState":{"showFog":true,"showMaterialUpdate":false,"showSkybox":false,"showFlares":true,"showImageEffects":true,"showParticleSystems":true},"in2DMode":false,"pivot":{"x":-0.2478352040052414,"y":0.052881158888339999,"z":-2.871793031692505},"rotation":{"x":-0.07293590903282166,"y":0.21411874890327454,"z":0.015847086906433107,"w":0.9741743803024292},"size":0.5961777567863464,"orthographic":false}