{"cameraMode":{"drawMode":0,"name":"Shaded","section":"Shading Mode"},"sceneLighting":false,"audioPlay":false,"sceneViewState":{"showFog":true,"showMaterialUpdate":false,"showSkybox":false,"showFlares":true,"showImageEffects":true,"showParticleSystems":true},"in2DMode":false,"pivot":{"x":0.211178258061409,"y":0.062499046325683597,"z":0.05556154251098633},"rotation":{"x":0.3701688051223755,"y":0.05454378202557564,"z":-0.022003130987286569,"w":0.9273286461830139},"size":0.8660253882408142,"orthographic":false}