{"cameraMode":{"drawMode":0,"name":"Shaded","section":"Shading Mode"},"sceneLighting":false,"audioPlay":false,"sceneViewState":{"showFog":true,"showMaterialUpdate":false,"showSkybox":false,"showFlares":true,"showImageEffects":true,"showParticleSystems":true},"in2DMode":false,"pivot":{"x":0.604897141456604,"y":-0.38687801361083987,"z":-0.21544747054576875},"rotation":{"x":0.1500622034072876,"y":0.8262204527854919,"z":-0.2599249482154846,"w":0.47687140107154848},"size":0.7074093222618103,"orthographic":false}